Y,X
a,saint louis rue huningue saint louis tél intéresser soussigné né ours série déclare honneur héberger fille née nancy octobre adresse boulevard charogne paris saint louis passer aider
a,paris septembre soussigné atteste présente héberger monsieur rue castagner paris er janvier faire valoir droit
a,avenue pasteur bagnole bagnole septembre soussigné certifie présente née janvier château gantier moyenne hébergée domicile gracieux
a,bd anatole france lyon madame monsieur soussigné atteste héberger titre gratuit fille appartement sis boulevard voltaire paris lyon née mai
a,monsieur avenue madhurit moreau paris paris novembre attestation hébergement soussigné monsieur domicilié avenue madhurit moreau atteste présente héberger fils né mars domicile paris novembre servir valoir droit
a,attestation hébergement soussignés parents hébergeons titre gratuit fille rue magenta manières manières er ao
b,date ancienneté an mois intitulé code travail art préavis art re lieu travail paris paris sas sire urssaf montreur bulletin période eorsattnettts qualification emploi paris cadre to full stack developed document conserver limitation durée informations voir rubrique bulletin paie wow service public fr montant euros ll siu cumulé mois cumulé cotisations net imposable ll tir so is exercice jus exerce jus acomptes retenues non imposable congés payés salaire base heures sup mensuelle absence cours règlement cours jour tot heures travaillées tot heures payées brut santé sécurité sociale maladie maternité invalidité décés complémentaire incapacité invalidité décés complémentaire incapacité invalidité décès tb complémentaire santé accidents travail maladies professionnelles retraite sécurité sociale plafonne sécurité sociale déplafonnée complémentaire tranche complémentaire tranche contribution équilibre technique famille assurance chomage ch mage contributions dues employeur cotisations statutaire convention collective exonération hs csi déductible ima revenu csi cris non déductible ima revenu total cotisations contributions abonnement régional paris if cheques restaurant net payer impôt revenu évolution rémunération liée suppression cotisations salariale ch mage maladie ima revenu base pers amis montant ima revenu prélevé source charges pat patronat eur
b,lieu travail paris urssaf montreur bulletin période ap section mater dt paie el tr savais voies paris cadre to full stack developed règle ref ris document conserver limitation durée date ancienneté an mois informations voir rubrique bulletin paie wow service public fr code travail art préavis art montant euros ss soin jeu oi be bloc to salaire base heures sup mensuelle absence ch mage partiel absence cours règlement cours jour tot heures travaillées tot heures payées santé sécurité sociale maladie maternité invalidité décés complémentaire incapacité invalidité décés complémentaire incapacité invalidité décès tb complémentaire santé accidents travail maladies professionnelles retraite sécurité sociale plafonne sécurité sociale déplafonnée complémentaire tranche complémentaire tranche contribution équilibre technique famille assurance chomage ch mage contributions dues employeur cotisations statutaire convention collective exonération hs csi déductible ima revenu csi cris non déductible ima revenu csi cris hs total cotisations contributions allocation ch mage partiel exonération sup ima déductible ch mage abonnement régional paris if exonération sup ima acompte suite bulletin page charges pat patronat pen sus don tr congés payés dubois cumulé lin don non imposable an an mois cumulé
b,lieue travail nose nose rue bachaumont rue bachaumont paris paris sire gooz ape urssaf montreur bulletin paie période mr bouaraphanh olivier or tt tt allee eric chaleur teu opte glou ct paris full stack developed ls document conserver limitation durée date ancienneté an mois informations voir rubrique bulletin paie wow service public fr code travail art préavis art montant euros os cheques restaurant ch mage net payer impôt revenu évolution rémunération liée suppression cotisations salariale ch mage maladie taux ima revenu base personnalisé ima revenu prélevé source charges pat patronat ps cotisations imposable non soumis congés payés dubois exercice jus plafond net imposable don is mois eur cumulé
b,bulletin paie periode payable monterai sire statut personnel ie nn contrat paris salaires concerne intéressement placement intéressement don fonds agir emploi ed face ed mars avril minuit attendez derniere minute placer intéressement contractuelle rémunération brute prime fixe for an energie an part simple sécurité sociale maladie maternité invalidité décès cotisation amie amie solidarité cot ss mal complémentaire incapacité invalidité décès prévoyance cotise colis coup idéal complémentaire santé isole accident travail maladie professionnelle cot ss at pl pat retraite sécurité sociale cot vieilles base cot chien supplémentaire sup ed sup ed sup forfaitedf famille cot pl assurance chomage colis contributions dues employeur csi déductible ima revenu csi fisc csi fisc csi prevu csi cris non dés ima revenu csi need fisc csi taxe pre csi ndedfisc cris cris taxe pre total cotisations contributions tj delai conservation document vie définition termes employés reporter site internet wow service public fr rubrique cotisations sociales
b,bulletin paie periode payable ingenieur affaires électricité france unite technique opérationnelle avenue europe monterai ape sire statut personnel ie mr millier pierre etienne rue plancha paris contra salaires concerne intéressement placement intéressement don fonds agir emploi ed face ed mars avril minuit attendez derniere minute placer intéressement tem eemuneration forfait jours ima revenu prélevé source perso region paris reprise delai conservation document vie définition termes employés reporter site internet wow service public fr rubrique cotisations sociales
f,direction générale finances publiques avis ima liberté alité fraternité taxes foncières république française votées perçues commune département organismes références notice avis disponible impots gout fr barre recherche bd ornant paris situation numéro fiscal référence avis numéro contrat prélèvement rum fr zzz numéro propriétaire débiteur légal numéro date établissement date mise recouvrement référence unique mandat montant prélever détail montant prélever montant taxes foncières acomptes mensuels versés compte débiter avis échéances prochaines échéances échéances substituant date limite paiement fixée membre ombre novembre modifications signalées modification législative dégrisement imposition complémentaire demande modification contrat prélèvements titre taxes foncières janvier fevrier mars avril mai juin juillet ao septembre octobre souhaitez contester montant ima pouvez effectuer réclamation messagerie sécurisée impots gout fr courrier adressé centre finances publiques décembre cas particuliers visés article livre procédures fiscales locaux commerciaux industriels devez rapprocher centre ima ts fonciers cellule foncière compétente matière gestion taxe foncière coordonnées disponibles auprès centre finances publiques
f,courriel partéléphone place impots gout fr accédez espace particulier télécharger avis ima ts payer gérer contrats prélèvement déposer démarches réclamations poser questions grâce messagerie sécurisée utilisez messagerie sécurisée espace particulier professionnel impots gout fr questions prélèvement échéance prélèvement mensuel centre prélèvement service courrier centre prélèvement service cs montpellier codex question personnelle centre finances publiques coordonnées centre finances publiques voir horaires impots gout fr rubrique contact obtenir réponses détaillées paiement ima service impots particuliers paris grandes carrières rue eugene carriere paris codex tél montant ima centre impots foncier paris secteur foncier eme secteur rue panini paris codex tél vice min uis étranger ren opérateur département ville paris commune paris syndicat inter taxes taxe ordures total commune communes commuralité département spéciales ménagères cotisations taux taux adresse rue ordonner base cotisation cotisation laissée adresse base cotisation cotisation laissée cotisations cotisations variation syndicat inter taxe taxes chambre taxe total communes communauté additionnelle spéciales agriculture geai cotisations taux taux bases terres non agricoles bases terres agricoles cotisations cotisations variation majoration base base forfait caisse assurance dégrisement jeunes agriculteurs ja forestier terrains accidents agricoles constructives base état droit proportionnel base collectivité droit fixe ville paris substitue commune département paris frais gestion fiscalité focale taux cotisations commune département fusionnés colonne commune permettre comparaison taux sors eolisalion dégrisement habitation principale taxes spéciales comprennent grand paris taxe additionnelle spéciale annuelle lle france dégrisement ja état versement net ville paris fonds solidarité région lle france départ fatcétaci élève gravement ja collectivité montant ima
f,direction générale finances publiques notice avis république avis ima française taxes foncières impots gout fr liberté votées perçues commune département organismes égalité fraternité rue anton pantin références situation numéro fiscal montant payer référence avis tard numéro propriétaire débiteur légal numéro date établissement date mise recouvrement flashez code application impots gout devez payer somme moyens payer smartphone tablette grrr puiigcere smartphone tablette voir contre impots gout fr payez ligne connectant espace particulier laissez guider adhérant prélèvement échéance date limite adhésion impots gout fr téléphone coordonnées indiquées cadre contacts pourrez adhérer prélèvement mensuel impots gout fr voir explications rubrique payer ima notice souhaitez contester montant ima pouvez effectuer réclamation messagerie sécurisée impots gout fr courrier adressé centre finances publiques décembre cas particuliers visés article livre procédures fiscales locaux commerciaux industriels devez rapprocher centre ima ts fonciers service ima ts fonciers coordonnées disponibles auprès vore centre finances publiques
f,messagerie sécurisée téléphone place service gratuit co appel contacts espace particulier professionnel impots gout fr questions prélèvement échéance prélèvement mensuel lundi vendredi question centre finances publiques coordonnées auprès centre finances publiques horaires impots gout fr rubrique contact paiement ima service impots particuliers pantin rue eliza pantin codex tél montant ima impots fonciers seine saint denis cellule fonciers mentale promenade jean bobine tél département seine saint denis commune pantin syndicat inter taxes taxe ordures taxe total communes communauté département spéciales ménagères geai cotisations taux taux adresse base cotisation pui cotisation laissée adresse base cotisation cotisation laissée cotisations cotisations variation commune syndicat inter taxe taxes chambre total communes communauté additionnelle spéciales agriculture geai cotisations taux taux bases terres non agricoles bases terres agricoles cotisations cotisations variation propriétés non bâties base état base collectivité dégrisement jeunes agriculteurs ja base forfait forestier majoration base terrains constructives caisse assurance accidents agricoles droit proportionnel droit fixe élèves foncière part départementale éditer évolution cotisations constructions nouvelles bénéficient ans exonération totale taxe références administratives taxes spéciales comprennent taxe additionnelle spéciale annuelle lle france versement net commune fonds solidarité région ile france frais gestion fiscalité locale dégrisement habitation principale dégrisement ja état dégrisement ja collectivité montant ima
f,direction générale finances publiques notice avis disponible avis ima impots gout fr liberté égalité fraternité taxes foncières barre recherche république française votées perçues commune département organismes batiment av choisi paris références situation numéro fiscal montant payer référence avis tard numéro propriétaire débiteur légal numéro date établissement date mise recouvrement devez payer somme ligne impots gout fr connectant espace particulier laissez guider adhérant prélèvement échéance tard impots gout fr téléphone courriel coordonnées indiquées cadre démarches pourrez adhérer prélèvement mensuel souhaitez contester montant ima pouvez effectuer réclamation messagerie sécurisée impots gout fr courrier adressé centre finances publiques décembre cas particuliers visés article livre procédures fiscales locaux commerciaux industriels devez rapprocher centre ima ts fonciers cellule foncière compétente matière gestion taxe foncière coordonnées disponibles auprès centre finances publiques
f,impots gout fr courriel partéléphone démarches accédez espace particulier télécharger avis ima ts payer gérer contrats prélèvement déposer réclamations poser questions grâce messagerie sécurisée utilisez messagerie sécurisée espace particulier professionnel impots gout fr questions prélèvement échéance prélèvement mensuel centre prélèvement service courrier centre prélèvement service cs montpellier codex question personnelle centre finances publiques coordonnées cotisation élève fusionnés colonne commune permettre comparaison taux taxes spéciales comprennent grand paris taxe additionnelle spéciale annuelle lle france be versement net ville paris fonds solidarité région ile france références administratives place centre finances publiques voir horaires impots gout fr rubrique contact obtenir réponses détaillées paiement ima service impots particuliers paris maison blanche rue tobias paris codex tél montant ima centre impots foncier paris secteur foncier paris eme eme rue panini paris codex tél service min prix appel étranger renseignez auprès opérateur département ville paris commune paris syndicat inter taxes taxe ordures taxe total commune communes commun département spéciales ménagères geai cotisations taux taux adresse av choisi passe cotisation cotisation laissée adresse base cotisation cotisation laissée cotisations cotisations variation commun syndicat inter taxe taxes chambre taxe total communes communauté additionnelle spéciales agriculture geai cotisations taux taux bases terres nn agricoles bases terres agricoles cotisations cotisations variation majoration base ru base forfait caisse assurance dégrisement jeunes agriculteurs ja forestier coup accidents agricoles base état droit proportionnel base collectivité droit fixe ville paris substitue commune département paris jon fiscalité taux cotisations commune département finals postionide aifscalitéiairecte local dégrisement habitation principale dégrisement ja état dégrisement ja collectivité montant ima
f,direction générale finances publiques notice avis disponible avis ima impots gout fr liberté égalité fraternité taxes foncières barre recherche république française votées perçues commune département organismes etage gauche rue crime paris références situation numéro fiscal montant payer référence avis tard numéro propriétaire débiteur légal numéro date établissement date mise recouvrement devez payer somme ligne impots gout fr connectant espace particulier laissez guider adhérant prélèvement échéance tard impots gout fr téléphone courriel coordonnées indiquées cadre démarches pourrez adhérer prélèvement mensuel souhaitez contester montant ima pouvez effectuer réclamation messagerie sécurisée impots gout fr courrier adressé centre finances publiques décembre cas particuliers visés article livre procédures fiscales locaux commerciaux industriels devez rapprocher centre ima ts fonciers cellule foncière compétente matière gestion taxe foncière coordonnées disponibles auprès centre finances publiques
f,courriel téléphone impots gout fr démarches accédez espace particulier télécharger avis ima ts payer gérer contrats prélèvement déposer réclamations poser questions grâce messagerie sécurisée utilisez messagerie sécurisée espace particulier professionnel impots gout fr questions prélèvement échéance prélèvement mensuel centre prélèvement service courrier centre prélèvement service cs montpellier codex question personnelle centre finances publiques coordonnées place centre finances publiques voir horaires impots gout fr rubrique contact obtenir réponses détaillées paiement ima service impots particuliers paris fillette pardonne paris codex tél montant ima centre impots foncier paris secteur foncier paris eme arrêt rue panini paris codex tél service min prix appel étranger renseignez auprès opérateur département ville paris commune paris syndicat inter taxes taxe ordures taxe total commune communes communauté département spéciales ménagères geai cotisations taux taux adresse rue dejcrimee base cotisation cotisation laissée adresse based cotisation cotisation laissée cotisations cotisations variation commune syndicat inter taxe taxes chambre taxe total communes commuralité additionnelle spéciales agriculture geai cotisations taux taux bases terres non agricoles bases terres agricoles fl cotisations cotisations variation majoration base base forfait caisse assurance dégrisement jeunes agriculteurs ja terrains forestier constructives accidents agricoles base étal droit proportionnel base collectivité droit fixe ville paris substitue commune département paris is tion di taux cotisations commune département gostionide fiscalité cirectellocale fusionnés colonne commune permettre comparaison taux lun cotisation dégrisement habitation principale taxes spéciales comprennent grand paris taxe additionnelle spéciale annuelle ile france dégrisement ja état versement net ville paris fonds solidarité région ile france ll élève dégrisement ja collectivité montant ima références administratives
f,direction générale finances publiques notice avis disponible avis ima impots gout fr fraternité taxes foncières barre recherche république française votées perçues commune département organismes liberté egalité re rue buzenval paris références situation numéro fiscal montant payer référence avis tard numéro propriétaire débiteur légal numéro date établissement date mise recouvrement devez payer somme ligne impots gout fr connectant espace particulier laissez guider adhérant prélèvement échéance tard impots gout fr téléphone courriel coordonnées indiquées cadre démarches pourrez adhérer prélèvement mensuel souhaitez contester montant ima pouvez effectuer réclamation messagerie sécurisée impots gout fr courrier adressé centre finances publiques décembre cas particuliers visés article livre procédures fiscales locaux commerciaux industriels devez rapprocher centre ima ts fonciers cellule foncière compétente matière gestion taxe foncière coordonnées disponibles auprès centre finances publiques
f,impots gout fr accédez espace particulier télécharger avis ima ts payer gérer contrats prélèvement déposer réclamations poser questions grâce messagerie sécurisée courriel téléphone place démarches utilisez messagerie sécurisée espace particulier professionnel impots gout fr questions prélèvement échéance prélèvement mensuel centre prélèvement service courrier centre prélèvement service cs montpellier codex montant ima centre impots foncier paris secteur foncier paris eme arrêt rue panini paris codex tél centre finances publiques voir horaires impots gout fr rubrique contact obtenir réponses détaillées paiement ima service impots particuliers paris charogne rue panini paris codex tél question personnelle centre finances publiques coordonnées service min prix appel étranger renseignez auprés opérateur département ville paris commune paris syndicat inter taxes taxe ordures taxe total commune communes communauté département spéciales ménagères geai cotisations taux taux adresse base cotisation cotisation laissée adresse base cotisation propriétés bâties cotisation laissée cotisations cotisations variation taux taux bases terres non agricoles bases terres agricoles cotisations propriétés non bâties cotisations variation dégrisement jeunes commune syndicat communes agriculteurs ja communauté nier taxe additionnelle base forfait forestier base état base collectivité chambre agriculture taxes spéciales majoration base terrains constructives droit proportionnel ville paris substitue commune département paris taux cotisations commune département fusionnés colonne commune permettre comparaison taux cotisation taxes spéciales comprennent grand paris taxe additionnelle spéciale annuelle lle france versement net ville paris fonds solidarité région lle france élève références administratives taxe geai caisse assurance accidents agricoles total cotisations droit fixe frais gestion fiscalité locale dégrisement habitation principale dégrisement ja état dégrisement ja collectivité montant ima
f,direction générale finances publiques notice avis disponible avis impôt impots gout fr liberté égal fé fraternité or barre recherche république française votées perçues commune département organismes marie mathieu marco rue heros nogentais nagent marre références numéro fiscal référence avis situation montant payer tard numéro propriétaire débiteur légal trop indices max ex furie mathieu marco trop indices max we mme canelle albarracin numéro date établissement date mise recouvrement devez payer somme ligne impots gout fr connectant espace particulier laissez guider adhérant prélèvement échéance tard impots gout fr téléphone courriel coordonnées indiquées cadre démarches pourrez adhérer prélèvement mensuel souhaitez contester montant ima pouvez effectuer réclamation messagerie sécurisée impots gout fr courrier adressé centre finances publiques décembre cas particuliers visés article livre procédures fiscales locaux commerciaux industriels devez rapprocher centre ima ts fonciers cellule foncière compétente matière gestion taxe foncière coordonnées disponibles auprès centre finances publiques
f,démarches impots gout fr accédez espace particulier télécharger avis ima ts payer gérer contrats prélèvement déposer courriel téléphone place réclamations poser questions grâce messagerie sécurisée utilisez messagerie sécurisée espace particulier professionnel impots gout fr questions prélèvement échéance prélèvement mensuel centre prélèvement service courrier centre prélèvement service cs fille codex question personnelle centre finances publiques coordonnées centre finances publiques voir horaires impots gout fr rubrique contact obtenir réponses détaillées paiement ima service impots particuliers nagent marre rue jean soules nagent marre codex tél montant ima service impots particuliers nagent marre joinville nagent marre rue jean soules nagent marre codex tél département val marre taux taux base cotisation adresse base cotisation propriétés bâties cotisation laissée gros cotisation laissée cotisations cotisations variation taux taux bases terres non agricoles bases terres agricoles variation ls cotisations cotisations syndicat inter taxe tapes chambre taxe total communes communauté additionnelle spéciales agriculture geai cotisations commune majoration base dégrisement jeunes agriculteurs ja terrains dîrîîî âmes constructives base état base collectivité taxes spéciales comprennent grand paris taxe additionnelle spéciale annuelle ile france éditer évolution cotisations références administratives we droit proportionnel droit fixe frais gestion fiscalité locale dégrisement habitation principale dégrisement ja état dégrisement ja collectivité montant ima
i,direction générale finances publiques notice avis avis ima disponible ia liberté égalité fraternité ima revenus impots gout fr république française année barre recherche démarches besoin original fournir haaa photocopie vérifiable all eric chaleur impots gout fr verifavis paris êtes non imposable ima revenu références situation accéder espace particulier montant ima numéro fiscal accès ligne voir déclaration revenu fiscal référence référence avis adresse imposition all eric chaleur paris numéro fin numéro date établissement démarches impots gout fr accédez espace particulier télécharger déclarations avis ima ts gérer prélèvement source payer déposer réclamations poser questions grâce voire messagerie sécurisée courriel utilisez messagerie sécurisée espace particulier impots gout fr téléphone renseignement prélèvement source lundi vendredi question personnelle centre finances publiques coordonnées place centre finances publiques voir horaires impots gout fr rubrique contact service impots particuliers paris maison blanche moulin rue tobias paris codex tél service gratuit co appel souhaitez contester montant ima pouvez effectuer réclamation messagerie sécurisée impoli gout fr courrier adressé centre finances publiques décembre conditions prévues articles livre procédures fiscales ima suite procédure reprise rectification pouvez confesser délai favorable dispose administration adresser proposition rectification article livre procédures fiscales délai expire exception décembre année cours intervenue proposition rectification pourles revenus année droit reprise administration fiscale exerce fa année titre imposition due décembre article loi finances décembre indépendamment sanctions fiscales encourues cas échéant faire délivrer and ment administration publique moyen frauduleux document destiné constater droit identité qualité accorder autorisation puni ans emprisonnement amende vertu dispositions article code pénal puni peines fe ue fournir ue déclaration mensongère vue obtenir administration publique organisme chargé mission service public allocation paiement avantage insu
i,avis ima ima revenus année résidence exclusive résidence alternée situation cas enfantsmineursou contenants enfantsmineursou enfants enfants majeurs enfants personnes recueillies nombre foyer particulier handicapés handicapés handicapés handicapés célibataires mariés handicapées departs coordonnées bancaires connues titre ima revenus réserve modification compte bancaire fr bnpparb ivre port utile éventuels prélèvements acomptes éventuel versement restitution avance crédit réduction ima paiement solde ima revenus détail revenus déclaré total sale ros éoisrerermnntimt oeirnsespiscnee nirsesaseennessiestapees déduction frais réels salaires pensions rentes nets revenu brut global sssersreememenmenmsentnçennnneennnnnn revenu imposable ima revenus soumis barème ima revenu net corrections eve montant net imposition sescesesel impôt net total ima revenu net reprises éventuelles éléments avez déclarés êtes imposable ima revenu informations complémentaires revenu fiscal référence prélèvement source retrouvez ensemble informations éventuelles options impots gout fr espace particulier gérer prélèvement source appelant
i,direction générale finances publiques avis ima liberté égalité fraternité ima revenus république française année démarches besoin original mme eee fournir rue lecture photocopie vérifiable paris impots gout fr verifavis références situation accéder espace particulier montant prélever numéro fiscal accès ligne voir déclaration détail montant prés revenu fiscal référence prélever montant ima revenu référence avis numéro contrat prélèvement rum fr zzz numéro numéro date établissement date mise recouvrement acomptes mensuels versés référence unique mandat compte débiter prochaines échéances fr échéances substituant date limite mme paiement fixée lap centre source ao septembre octobre novembre decembre raison mise place prélèvement source compter ler janvier contrat prélèvement mensuel ima revenu prendra fin automatiquement avez démarche effectuer lisez attentivement rubrique informations prélèvement source intérieur avis notice
i,avis ima ima revenus année informations prélèvement source partir jan ier organisme collecteur employeur caisse retraite emploi procédera retenue ima mois retenue calculée appliquant taux foyer taux individualité avez opté dernier revenu net imposable mensuel salaire retraite allocation ch mage détail revenus total salaires assimilés déduction frais réels salaires pensions rentes nets revenu brut global csi déductible revenu imposable msseennensnnnnmnnnnnnnnnnmnnnne ima revenus soumis barème ima revenu net corrections impôt net total ima revenu net total imposition nette recouvrer informations complémentaires revenu fiscal référence msussanunenmnensnnnnnn plafond epargne retraite plafond disponible déduction cotisations versées informations prélèvement source suite page résidence exclusive situation cas enfantsmineursou enfants foyer partie er handicapés handicapés enfantsmineursou enfants personnes recueillies nombre departs
i,avis ima ima revenus année suite avis attention informations prennent compte actions avez réaliser impots gout fr taux personnalisé organisme collecteur caisse retraite taux foyer impots gout fr courriel téléphone place utilisé employeur prélèvement source revenu net imposable démarches accédez espace particulier télécharger déclarations avis ima ts payer gérer contrats prélèvement déposer réclamations poser questions grâce messagerie sécurisée utilisez messagerie sécurisée espace particulier impots gout fr renseignement prélèvement source mis place lundi vendredi questions prélèvement échéance prélèvement mensuel centre prélèvement service courrier centre prélèvement service cs montpellier codex question personnelle centre finances publiques coordonnées centre finances publiques voir horaires impots gout fr rubrique contact service impots particuliers paris becker becker rue abby groupe paris codex tél service min prix appel
i,avis ima ima revenus année souhaitez contester montant ima pouvez effectuer réclamation messagerie sécurisée impots gout adressé or nore publiques décembre conditions prévues articles livre fiscales ima suite procédure reprise rectification pouvez contester délai favorable dispose administration adresser proposition rectification article livre procédures fiscales délai expire exception dé année cours intervenue proposition rectification etat civil adresse nom mme gag adresse imposition rue lecture paris déclarant nom naissance brunel
i,avis ima liberté égalité fraternité ima revenus république française année démarches besoin original fournir photocopie vérifiable impots gout fr verifavis références accéder espace particulier numéro fiscal accès ligne revenu fiscal référence voir déclaration référence avis numéro fin numéro date établissement date mise recouvrement direction générale finances publiques notice avis disponible impots gout fr barre recherche tit rue bavard paris situation montant payer tard détail montant payer montant ima revenu mise place er janvier prélèvement source imposition revenus non exceptionnels annulée crédit ima modernisation recouvrement retrouverez informations intérieur avis êtes redevable montant figurant cadre situation montant payer payez ligne impots gout fr connectant espace particulier laissez guider
i,avis ima ima revenus année ss grrr coordonnées bancaires connues titre ima revenus réserve modification compte bancaire fr mouais utile éventuels prélèvements acomptes éventuel versement restitution avance crédit réduction ima paiement solde ima revenus détail revenus déclaré salaires déduction frais réels salaires pensions rentes nets revenu brut global screseseeseeneenesnneneonsensause revenu imposable uesemeeeensnnnnnnmnnnnnnmnnn ima revenus soumis barème ima revenu net corrections reprise avance perçue réductions crédits ima sens ima total reprises éventuelles crédits ima credits impôt amputations crédit ima modernisation recouvrement impôt net total ima revenu net reprises éventuelles total imposition nette recouvrer informations complémentaires revenu fiscal référence messnennnennnnnn plafond epargne retraite suite page résidence exclusive résidence alternée situation cas enfantsmineursou enfants enfants mineurs contenants enfantsmajeurs foyer particulier handicapés handicapés handicapés handicapés célibataires montant calculé enfants mariés montant retenu personnes recueillies handicapées total nombre departs
i,avis ima ima revenus année suite avis plafond disponible déduction cotisations versées déclaration revenus souscrire plafond total plafond non utilisé revenus plafond non utilisé revenus plafond non utilisé revenus plafond calculé revenus plafond cotisations versées prélèvement àa source retrouvez ensemble informations éventuelles options impots gout fr espace particulier gérer prélèvement source appelant démarches impots gout fr accédez espace particulier télécharger déclarations avis ima ts gérer prélèvement source payer déposer réclamations poser questions grâce messagerie sécurisée courrier utilisez messagerie sécurisée espace particulier impots gout fr téléphone renseignement prélèvement source lundi vendredi question personnelle centre finances publiques coordonnées place centre finances publiques voir horaires impots gout fr rubrique contact service impots particuliers paris rebelle javel bavard rue general heures paris codex tél service gratuit co appel
i,avis ima ima revenus année souhaitez contester montant ima pouvez effectuer réclamation messagerie sécurisée impots gout fr courrier adressé centre finances publiques décembre conditions prévues articles livre procédures fiscales ima suite procédure reprise rectification pouvez contester délai favorable dispose administration adresser proposition rectification article livre procédures fiscales délai expire exception décembre année cours intervenue proposition rectification revenus année droit reprise administration fiscale exerce fin année titre imposition due décembre ii article finances décembre etat civil adresse nom off adresse imposition rue bavard paris déclarant nom naissance cambrer
i,notice avis disponible cliquant ici impots gout fr direction générale finances publiques république ima revenus française avis ima établi liberté égalité fraternité con mme ll numéro fiscal av jean jaunes paris adresse imposition av jean jaunes paris somme qu payer numéro fin référence avis numéro date établissement date mise recouvrement ete messagerie sécurisée espace particulier impots gout fr somme prélevée échéance septembre octobre novembre décembre téléphone compte débité fr xxx xxx lundi vendredi identifiant banque bredfrppxxx nom créancier direction générale finances publiques place référence unique mandat fr zzz auprès centre finances publiques horaires impots gout fr rubrique contact échéance substitue date limite paiement fixée place pardonne paris codex revenu fiscal référence nombre parts nuit service grata co pro détails page prélèvement source débuté janvier avis suite déclaration revenus montant porté avis prend compte prélèvements retenues source réalisés retrouver informations relatives prélèvement source taux options rendez service gérer prélèvement source accessible espace particulier impots gout fr
i,avis ima établi ima revenus fiscal feuilleton déclarant nom naissance miljan enfants majeurs personnes recueillies enfants mariés situation foyer cas particulier célibataires handicapées enfants mineurs enfants enfants mineurs enfants handicapés handicapés handicapés handicapés parts détail revenus déclaré salaires déduction frais rue salaires pensions rentes net revenu brut global messes revenu imposable usuarsenens ima revenus soumis barème impôt net total ima revenu net calcul solde impôt impôt revenu ima revenu retenue source prélevée erreurs revenus solde ima revenus total imposition nette payer informations complémentaires revenu fiscal référence sse plafond epargne retraite plafond disponible déduction cotisations versées déclaration revenus souscrire déclaré plafond total ssrrsenenesensenncnnns plafond non utilisé revenus plafond non utilisé revenus plafond non utilisé revenus plafond calculé revenus plafond cotisations versées suite page souhaitez contester montant ima pouvez offacluer réclamation vore messagerie sécurisée impoli gout fr courrier adressé centre finances publiques décembre conditions prévus articles livre procédures fiscales ima fail suite procédure reprise rectification pouvez contester délai favorable dispose administration adresser proposition rectification article livre procédures fiscales co délai expire exception décembre année cours do intervenue proposition rectification
i,avis ima établi ima revenus fiscal feuilleton suite avis prélèvement source retrouvez ensemble informations éventuelles options impots gout fr spa particulier gérer prélèvement source appelant
i,direction générale finances publiques notice avis avis ima disponible liberté égalité fraternité ima revenus impots gout fr barre recherche république française année démarches besoin original fournir grrr photocopie vérifiable condorcet impots gout fr verifavis rue marc sanglier maisons références situation montant ima accéder espace particulier numéro fiscal accès ligne voir déclaration revenu fiscal référence ao référence avis adresse imposition condorcet rue marc sanglier maisons mise place er janvier prélèvement source imposition revenus montant annulée avez rien payer numéro fin numéro retrouverez informations intérieur date établissement avis démarches impots gout fr accédez espace particulier télécharger déclarations avis ima ts gérer prélèvement source payer déposer réclamations poser questions grâce messagerie sécurisée courriel utilisez messagerie sécurisée espace particulier impots gout fr téléphone renseignement prélèvement source lundi vendredi question personnelle centre finances publiques coordonnées place centre finances publiques voir horaires impots gout fr rubrique contact service impots particuliers maisons charleston maisons rue carnet maisons codex tél service gratuit co appel souhaitez contester montant ima pouvez effectuer réclamation messagerie sécurisée impots gout fr courrier adressé centre finances publiques lo décembre conditions prévues articles livre procédures fiscales ima lait suite procédure reprise do rectification pouvez contester délai favorable dispose administration adresser proposition rectification article livre procédures fiscales cs délai expire exception décembre année cours intervenue proposition rectification revenus année droit reprise administration fiscale exerce fin année titre imposition due décembre article foi finances décembre indépendamment sanctions fiscales encourues cas échéant faire délivrer and ment administration publique moyen frauduleux document destiné constater droit identité qualité accorder autorisation puni do ans emprisonnement monde vertu dispositions article code pénal puni peines fournir déclaration mensongère vue obtenir administration publique organisme chargé mission service public allocation paiement avantage insu
i,avis ima ima revenus année résidence exclusive résidence alternée situation cas enfantsmineursou contenants enfants mineurs contenants enfantsmaieurs enfants personnesrecueilies foyer particulier handicapés handicapés handicapés handicapés célibataires mariés handicapées departs coordonnées bancaires connues titre ima revenus réserve modification compte bancaire fr if paris utile éventuels prélèvements acomptes éventuel versement restitution avance crédit réduction ima paiement solde ima revenus détail revenus déclaré total salairessesremisniiat eeiatseesire déduction frais réels salaires pensions rentes nets revenu brut global useesssennensesnennnnnnnnnnsnnn revenu imposable ima revenus soumis barème ima revenu net corrections ima total reprises éventuelles crédits ima credits impôt amputations montant montant calculé retenu crédit ima modernisation recouvrement sors montant net imposition rseserereemeenes impôt net total ima revenu net reprises éventuelles informations complémentaires revenu fiscal référence msesnnnnnns prélèvement source retrouvez ensemble informations éventuelles options impots gout fr espace particulier gérer prélèvement source appelant
i,direction générale finances publiques ef avis situation déclaration ima revenu république française justifier revenus charges auprès tiers ima revenu prélèvements sociaux revenus retrouvez document impots gout fr mme nom démarches bd voltaire fournir paris photocopie vérifiable impots gout fr verifavis références situation numéro fiscal montant ima revenu fiscal référence référence document adresse imposition bd voltaire paris montant ima revenu prélèvements sociaux recevrez compter mois ao avis imposition indiquant montant payer date limite paiement avez contrat prélèvement échéance mensuel payez ima document numéro fin numéro ordre date établissement détail montant ima revenu prélèvements sociaux sol précisé page do avis situation déclaration démarches impots gout fr accéder espace particulier télécharger déclarations avis ima ts déposer réclamations poser questions grâce messagerie sécurisée téléphone centre ima ts service renseignements généraux impots centre finances publiques question personnelle place centre finances publiques retrouver coordonnées horaires ouverture centre finances publiques impots gout fr rubrique contacter service min prix appel mission service public allocation paiement avantage insu date téléchargement
i,avis situation déclaration ima revenu résidence exclusive résidence alternée situation foyer cas particulier enfants enfants enfants contenants enfants enfants personnes nombre mineurs handicapés mineurs handicapés majeurs mariés recueillies parts handicapés handicapés célibataires handicapées impôt revenu détail revenus déclaré total total salaires assimilés déduction frais réels salaires pensions rentes nets mnennennnmnnnnnmnnnnnne revenus perçus foyer fiscal revenus capitaux mobiliers déclarés revenus capitaux mobiliers imposable revenu brut global csi déductible revenu imposable ima revenus soumis barème ima revenu net corrections ima total crédits ima eemenmenneen credits impôt amputations montant montant déclaré retenu prélèvement forfaitaire déjà versé revenus capitaux modifier eeennensennennn impôt net total ima revenu suite page
i,avis situation déclaration ima revenu suite avis prélèvements sociaux détail revenus csi cris prelsoc contrit add salariale pret sol revenus capitaux mobiliers base imposable taux imposition montant imposition total prélèvements sociaux nets total imposition nette recouvrer informations complémentaires revenu fiscal référence informations indiquées mémoire revenus déjà soumis prélèvements sociaux csi déductible
i,notice avis disponible cliquant ici impots gout fr direction générale finances publiques république ima revenus française avis ima établi égalité fraternité ca mme numéro fiscal déclarant rue rira déclarant mort adresse imposition rue rira mort our ct palot xan numéro fin référence avis numéro date établissement date mise recouvrement messagerie sécurisée espace particulier impots gout fr avez rien payer titre revenus serez remboursé virement compte bancaire fr xxx xxx identifiant banque agrifrpp émetteur virement direction générale finances publiques téléphone lundi vendredi place auprès centre finances publiques horaires impots gout fr rubrique contact sip mort said portais avenue paris bp mort codex revenu fiscal référence nombre parts service gratuit co appel détails page prélèvement source débuté janvier avis suite déclaration revenus montant porté avis prend compte prélèvements retenues source réalisés retrouver informations relatives prélèvement source taux options rendez service gérer prélèvement source accessible espace particulier impots gout fr
i,avis ima établi ima revenus fiscal feuilleton déclarant nom naissance déclarant nom naissance enfants majeurs personnes recueillies situation foyer cas particulier célibataires enfants mariés handicapées résidence exclusive résidence alternée nombre enfants mineurs enfants enfants mineurs enfants handicapés handicapés handicapés handicapés parts détail revenus salaires déclaré déduction frais réels salaires pensions rentes nets revenu brut global csi déductible charges déductibles revenu global montant montant déclaré retenu pensions alimentaires total charges déduites revenu imposable revenus taux forfaitaire taux montant ima revenus soumis barème décore ima proportionnel montant net imposition impôt net total ima revenu net calcul solde impôt impôt revenu ima revenu retenue source prélevée erreurs revenu compte tenu elements avez déclares montant rembourse voir notice remboursement automatique avez démarche faire informations complémentaires revenu fiscal référence suite avis jointe souhaitez contester montant ima pouvez effectuer réclamation messagerie sécurisée impots gout fr courrier adressé centre finances publiques décembre conditions prévues articles livre procédures fiscales ima suite procédure reprise rectification pouvez contester délai favorable dispose administration adresser proposition rectification article livre procédures fiscales délai expire exception décembre année cours intervenue proposition rectification
i,avis ima établi ima revenus fiscal feuilleton suite avis informations indiquées mémoire cm déjà soumis prélèvements sociaux csi déductible plafond epargne retraite plafond disponible déduction cotisations versées déclaration revenus souscrire déclaré déclaré plafond total plafond non utilisé revenus plafond non utilisé revenus plafond non utilisé revenus plafond calculé revenus plafond cotisations versées prélèvement source retrouvez ensemble informations éventuelles options impots gout fr espace particulier gérer prélèvement source appelant
i,direction générale finances publiques avis ima liberté égalité fraternité ima revenus vs république française lan retrouvez avis centre finances publiques impots gout fr sip aubervilliers said aubervilliers re bord felix faire besoin original aubervilliers codex it fournir photocopie vérifiable impots gout fr verifavis ego pli auberge pic mme am rue danielle casanova aubervilliers el lll références accéder espace particulier numéro fiscal déclarant déclarant accès ligne voir déclaration revenu fiscal référence adresse imposition rue danielle casanova alirervilliers numéro fin numéro date établissement situation montant ima référence avis tamise place janvier prélèvement source imposition revenus montant annulée avez rien payer retrouverez informations intérieur avis démarches impots gout fr accédez espace particulier télécharger déclarations avis ima ts gérer prélèvement source payer déposer réclamations poser questions grâce messagerie sécurisée courriel utilisez messagerie sécurisée espace particulier impots gout fr téléphone renseignement prélèvement source lundi vendredi question personnelle centre finances publiques coordonnées place centre finances publiques voir horaires impots gout fr rubrique contact sip aubervilliers said aubervilliers bord felix faire aubervilliers codex tél service gratuit co appel souhaitez contester montant ima pouvez effectuer réclamation messagerie sécurisée impots gout fr courrier adressé centre finances publiques décembre conditions prévues articles livre procédures fiscales ima suite procédure reprise rectification pouvez contester délai favorable dispose administration adresser proposition rectification article livre procédures fiscales délai expire exception décembre année cours intervenue proposition rectification revenus année droit reprise administration fiscale exerce fin année titre imposition due décembre article loi finances décembre indépendamment sanctions fiscales encourues cas échéant faire délivrer and ment administration publique moyen frauduleux document destiné constater droit identité qualité accorder autorisation puni ans emprisonnement amenée vertu dispositions article code pénal puni peines fournir déclaration mensongère vue obtenir administration publique organisme chargé mission service public allocation paiement avantage insu
i,avis ima liberté égalité fraternité ima revenus république française année démarches besoin original fournir photocopie vérifiable impots gout fr verifavis références accéder espace particulier numéro fiscal déclarant déclarant accès ligne revenu fiscal référence voir déclaration référence avis numéro fin numéro date établissement date mise recouvrement direction générale finances publiques jar mme rue paris charleston pont situation montant payer tard détail montant payer montant ima revenu notice avis disponible impots gout fr barre recherche mise place er janvier prélèvement source imposition revenus non exceptionnels annulée sr os crédit ima modernisation recouvrement retrouverez informations intérieur avis devez payer ligne impots gout fr connectant espace particulier laissez guider
i,avis ima coordonnées bancaires connues titre ima revenus compte bancaire fr ima revenus année acompte revenus organisme collecteur prélevé référence unique mandat fr zzz nom créancier direction générale finances publiques détail revenus salaires déduction frais réels salaires pensions rentes nets bic professionnels déclarés bic pro quotient imposable bic pro imposable foyer quotient revenu dut global eeeeenenmnennnnmnnnnn revenu imposable revenus taux forfaitaire ima revenus soumis barème ima réductions ima nn réductions impôt dons oeuvres total réductions ima ima proportionnel ima revenu net corrections reprise avance perçue réductions crédits ima ima total reprises éventuelles crédits ima credits impôt amputations prélèvement forfaitaire déjà versé suite page résidence exclusive résidence terne maton cas enfantsmineursou enfants enfants meurs foyer particulier handicapés handicapés handicapés déclaré déclaré montant montant déclaré retenu montant montant déclaré enfants enfants majeurs handicapés célibataires calculé enfants mariés montant montant réduction montant retenu personnes recueilles handicapées réserve modification bnpparb paris charogne total nombre departs
i,avis ima ima revenus année suite avis revenus capitaux mobiliers crédit ima modernisation recouvrement impôt net total ima revenu net reprises éventuelles total imposition nette recouvrer informations complémentaires revenu fiscal référence eccisevce cévovséarsencasecsnessonse plafond epargne retraite plafond disponible déduction cotisations versées déclaration revenus souscrire déclaré plafond total rirercenrerennenreneenreneerresrvees plafond non utilisé revenus plafond non utilisé revenus plafond non utilisé revenus plafond calculé revenus plafond cotisations versées prélèvement source retrouvez ensemble informations éventuelles options impots gout fr espace particulier gérer prélèvement source appelant démarches impots gout fr accédez espace particulier télécharger déclarations avis ima ts gérer prélèvement source payer déposer réclamations poser questions grâce messagerie sécurisée courriel utilisez messagerie sécurisée espace particulier impots gout fr téléphone renseignement prélèvement source lundi vendredi question personnelle centre finances publiques coordonnées place centre finances publiques voir horaires impots gout fr rubrique contact service impots particuliers maisons charleston charleston st maurice rue carnet maisons codex tél service gratuit co appel
i,avis ima ima revenus année souhaitez contester montant ima pouvez effectuer réclamation messagerie sécurisée impots gout fr courrier adressé centre finances publiques décembre conditions prévues articles livre procédures fiscales ima suite procédure reprise rectification pouvez contester délai favorable dispose administration adresser proposition rectification article livre procédures fiscales délai expire exception décembre année cours intervenue proposition rectification revenus année droit reprise administration fiscale exerce fin année titre imposition due décembre article loi finances décembre etat civil adresse nom jargon jimmy mme nibard laura adresse imposition rue paris charleston pont déclarant nom naissance jargon déclarant nom naissance nibard
i,direction générale finances publiques avis ima liberté égalité fraternité ima revenus république française année démarches besoin original fournir photocopie vérifiable impots gout fr verifavis références accéder espace particulier numéro fiscal accès ligne voir déclaration revenu fiscal référence référence avis numéro fin numéro date établissement date mise recouvrement notice avis disponible impots gout fr barre recherche rou rue grange belles paris situation montant payer tard détail montant payer montant ima revenu mise place er janvier prélèvement source imposition revenus non exceptionnels annulée crédit ima modernisation recouvrement retrouverez informations intérieur avis avez payé ligne dernière échéance ima revenu payez nouveau impots gout fr connectant espace particulier laissez guider
i,avis ima ima revenus année coordonnées bancaires connues titre ima revenus réserve modification compte bancaire fr lo cl paris warm utile éventuels prélèvements acomptes éventuel versement restitution avance crédit réduction ima paiement solde ima revenus détail revenus déclaré total salaires déduction frais réels salaires pensions rentes nets revenu brut global sisciseiseascancançenenten antencencenceneene revenu imposable ssiemieneaneenen enserasnssnasees ima revenus soumis barème ima réductions ima réductions impôt montant montant montant déclaré retenu réduction dons personnes difficulté total réductions ima ima revenu net corrections reprise avance perçue réductions crédits ima ereresenenns ima total reprises éventuelles crédits ima credits impôt amputations montant montant calculé retenu crédit ima modernisation recouvrement impôt net total ima revenu net reprises éventuelles suite page résidence exclusive res dance alternée situation cas enfants mineurs enfants enfants mineurs enfants enfants majeurs enfants personnes recueillies nombre foyer particulier handicapés handicapés handicapés handicapés célibataires mariés handicapées parts
i,avis ima ima revenus année suite avis total imposition nette recouvrer informations complémentaires revenu fiscal référence sssernennennennnn plafond epargne retraite plafond disponible déduction cotisations versées déclaration revenus souscrire plafond total curcsresresrenrenrenrensansencencenceue plafond non utilisé revenus plafond non utilisé revenus plafond non utilisé revenus plafond calculé revenus plafond cotisations versées prélèvement source retrouvez ensemble informations éventuelles options impots gout fr espace particulier gérer prélèvement source appelant démarches déclaré impots gout fr accédez espace particulier télécharger déclarations avis ima ts gérer prélèvement source payer déposer réclamations poser questions grâce messagerie sécurisée courriel utilisez messagerie sécurisée espace particulier impots gout fr téléphone renseignement prélèvement source lundi vendredi question personnelle centre finances publiques coordonnées place centre finances publiques voir horaires impots gout fr rubrique contact service impots particuliers paris nord cite paradis paris codex tél service gratuit co appel
i,avis ima ima revenus année souhaitez contester montant ima pouvez effectuer réclamation messagerie sécurisée impots gout fr courrier adressé centre finances publiques décembre conditions prévues articles livre procédures fiscales ima suite procédure reprise rectification pouvez contester délai favorable dispose administration adresser proposition rectification article livre procédures fiscales délai expire exception décembre année cours intervenue proposition rectification revenus année droit reprise administration fiscale exerce fin année titre imposition due décembre ii article go loi finances décembre etat civil adresse nom raphael jean baptiste adresse imposition rue grange belles paris déclarant nom naissance raphael
r,bip parias releve compte cheques février mars ivre berges sein tél agence numéro non surtaxé tél service gratuit prix appel riz ian fr bic paf paris ler juin frais tenue compte clients non résidents fiscaux augmenteront euro mois compte esprit libre relevés papier facturé euro mois relevés matérialisés facturé euro mois compte équipé esprit libre relevés papier facturé euro mois relevés matérialisés facturé euro mois cas refus modifications pouvez résilier convention compte frais entrée vigueur desdits modifications sommes déposées compte éligibles garantie dés ts fonds garantie dés ts résolution exclusion réglementaires raison nature personnes dés ts wow garantiedesdepots fr nature opérations solde débiteur facture carte xxxxxxxx stattelpaybypho paris pris bouges télécom id emetteur fr zzz mot btawoi ye ref page voir lib xxx facture carte xxxxxxxx pates vivant paris carrefour dac ivre sein unibetfr boulons bill lao doungpaseut paris pris syndicat secondaire sols id emetteur fr zzz mot ms ref lib pro syndic cabinet esca tele monnaie compte euro bip parias capital siège social bd italiens paris ris paris fr pris scptosostrebhco service gratuit prix appel manque bnpparibas réclamations exécution contrat conseiller agence ligne non surtaxé
r,releve compte cheques février mars nature opérations vir recu getting france motif ref facture carte xxxxxxxx steven paris java paris vir recu nose motif salaire ob irez salaire facture carte xxxxxxxx mr zhao paris meringue paris lao doungpaseut paris paris pris orange id emetteur fr zzz mot ref lib abonnement fibre facture xxx virement mis motif resto ben tim victor reuben facture carte xxxxxxxx unies fr boulons bill virement mis motif ben agi conseil reuben virement mis motif map ben sridikhanh tony reuben facture carte xxxxxxxx stattelpaybypho paris commissions cotisation offre groupe services esprit libre facture carte xxxxxxxx camion ivre sein raté paris mcdonald paris cheque interets débiteurs periode facilite caisse esprit libre taux commissions intervention facture carte xxxxxxxx lao doungpaseut paris unies fr boulons bill scptovostredhco
r,bip parias releve compte cheques février mars ivre berges sein mr olivier bouaraphanh riz pris off credit foncier france id emetteur fr mot ru ref psy lib facture carte xxxxxxxx unies fr boulons bill vir recu bouaraphanh syl motif epargne ref facture carte xxxxxxxx coinbase fez gr eur virement mis motif munchkin ben devin arnaud reuben pris ed clients particuliers id emetteur fr ed mot mm ref sim lib numero client numero compte xxx virement mis motif spot ben devin arnaud reuben pris bouges télécom id emetteur fr zzz mot btawoi ye ref page lib xxx total operations commissions services opérations bancaires total montant autorisation débit compte euros taux nominal tag tag effectif résultera utilisation débit compte limite taux usure communiqué arrêté trimestriel rappel numéro client gérer comptes effectuer opérations courantes auprès centre relations clients service gratuit prix appel complété code secret internet manque bnpparibas mobile application comptes obtenir code secret contactez conseiller avez réclamation formuler adressez conseiller directeur agence obtenez satisfaction contactez écrit responsable réclamations clients dépend agence êtes désaccord réponse apportée bip parias absence réponse délai mois jours ouvrables réclamations portant service paiement opérations virement prélèvement effectué carte bancaire pouvez saisir gratuitement écrit médiateurs domaine compétence médiateur dernier recours amiable entreprendre démarche judiciaire coordonnées disponibles agence site internet manque bnpparibas consultez paragraphe dernier recours amiable rubrique avez réclamation site manque bnpparibas bip parias capital siège social bd italiens paris ris paris id fr pris scato ostrebhco service gratuit prix appel manque bnpparibas réclamations exécution contrat conseiller agence ligne non surtaxé
r,societe relevé compte generale compte particulier euros contacts envoie page banque distance téléphone service client service min prix appelé ste marie agence montpellier comedie messagerie espace client particuliers societegenerale fr téléphone fax conseiller agence tit relevé opérations date valeur nature opération solde précis carte sara clouer carte maudis virrecu carole chan lit motif from ref of and provenance allemagne carte roma carte chambre carte vipboxre commerce electronique vir européen mis mlle carole chan ref motif epargne sogefrpp carte amazonipa carte carte vir rec carte maudis suite étranger tarif insatisfaction désaccord pouvez contacter agence interlocuteur service relations clientèle adresse société générale bref sat sac paris codex mail relations clientèle soigne com médiateur demie recours gratuitement application charte médiation société générale adressant courrier adresse médiateur auprès société générale cours calme paris défense codex voie électronique site internet médiateur wow médiateur societegenerale fr médiateur répondra délai jours maximum réception dossier complet société générale ris paris capital eur social bd haussant paris ra
r,societe relevé compte generale compte particulier euros envoie page date valeur nature opération débit crédit vir européen mis logiciel tony sridikhanh bu ref motif remboursement cepafrpp carte contact carte cab patisserie vir européen mis logiciel hee kevin bu ref motif remboursement agrirerx vir recu carole chan lit motif ref ad provenance allemagne carte fructidor carte geant carte masserais prélèvement européen côte impôt id fr zzz motif prélèvement source ravi ref mandat noir zzz carte mollie bloc commerce electronique mouvements solde écritures précédées signe désignent frais opératiffis rates relatives convention compte dés remboursement montant autorisation compte éligible garantie foi dés ts résolution textes vigueur moments taux er février livret net eloppement durable solidaire net livret epargne populaire net compte epargne logement brut épée sécurisée disponible moment ra coin société générale ris pris capital eur siège sois bd haussant paris
